{"cameraMode":{"drawMode":0,"name":"Shaded","section":"Shading Mode"},"sceneLighting":true,"audioPlay":false,"sceneViewState":{"m_AlwaysRefresh":false,"showFog":true,"showSkybox":true,"showFlares":true,"showImageEffects":true,"showParticleSystems":true,"showVisualEffectGraphs":true,"m_FxEnabled":true},"in2DMode":false,"pivot":{"x":37.719696044921878,"y":0.10999298095703125,"z":-1.8574066162109376},"rotation":{"x":-0.41063034534454348,"y":0.041810501366853717,"z":-0.0188907440751791,"w":-0.9106785655021668},"size":7.088723659515381,"orthographic":false}